{
    "metrics/precision(B)": [
        0.8680484868790852,
        0.8928464771961536,
        0.8965746172383628,
        0.8932658145598658,
        0.8928668979848466,
        0.880774384804198
    ],
    "metrics/recall(B)": [
        0.8661733194457248,
        0.8673981484194295,
        0.8609298410497394,
        0.8698261981651655,
        0.8593459509681789,
        0.8607813829905717
    ],
    "metrics/mAP50(B)": [
        0.8973768845902463,
        0.9058240706959764,
        0.9062132232219449,
        0.9093264359696477,
        0.9004683989879961,
        0.9024023305132682
    ],
    "metrics/mAP50-95(B)": [
        0.8690402465158875,
        0.8813545340721628,
        0.8800150130924141,
        0.8827487200742411,
        0.8731944113621711,
        0.8773458083652954
    ],
    "fitness": [
        0.8718739103233234,
        0.8838014877345441,
        0.8826348341053671,
        0.8854064916637817,
        0.8759218101247536,
        0.8798514605800927
    ],
    "overripe": [
        0.92,
        0.89,
        0.89,
        0.92,
        0.90,
        0.90
    ],
    "ripe": [
        0.86,
        0.88,
        0.88,
        0.84,
        0.87,
        0.87
    ],
    "semiripe": [
        0.92,
        0.92,
        0.92,
        0.93,
        0.92,
        0.93
    ],
    "unripe": [
        0.93,
        0.95,
        0.91,
        0.93,
        0.94,
        0.84
    ]
}