{
    "metrics/precision(B)": [
        0.8751548009767708,
        0.864817881478316,
        0.881822652125847,
        0.8657130943713316,
        0.8549857814034786,
        0.8517717528504036
    ],
    "metrics/recall(B)": [
        0.8604965904087034,
        0.8613080323349473,
        0.8666071384933376,
        0.8565105783150136,
        0.867953334990236,
        0.8638711605683036
    ],
    "metrics/mAP50(B)": [
        0.9308153244195387,
        0.9251535198921059,
        0.929635875663209,
        0.922895265293456,
        0.9238239479070179,
        0.9159077505617841
    ],
    "metrics/mAP50-95(B)": [
        0.9085430598606903,
        0.9031943613709921,
        0.9087042329900769,
        0.9008034775908647,
        0.9024693381060288,
        0.8936171000086659
    ],
    "fitness": [
        0.9107702863165752,
        0.9053902772231035,
        0.9107973972573902,
        0.9030126563611238,
        0.9046047990861277,
        0.8958461650639777
    ],
    "overripe": [
        0.87,
        0.85,
        0.87,
        0.87,
        0.84,
        0.87
    ],
    "ripe": [
        0.81,
        0.84,
        0.85,
        0.81,
        0.82,
        0.82
    ],
    "semiripe": [
        0.91,
        0.91,
        0.88,
        0.89,
        0.89,
        0.90
    ],
    "unripe": [
        0.91,
        0.91,
        0.91,
        0.90,
        0.92,
        0.92
    ]
}